pred_corr,cell_line
0.8079447944794479,A375
0.634131413141314,A549
0.7584398439843983,HA1E
0.5852222778972572,HCC515
0.6761356135613561,HELA
0.6702150321513279,HT29
0.6914131413141313,MCF7
0.3634083408340834,PC3
0.29862675855747534,VCAP
0.5834983498349835,YAPC
