pred_corr,cell_line
0.7654965496549654,A375
0.7819861986198618,A549
0.7847224722472246,HA1E
0.379701109215958,HCC515
0.7171917191719172,HELA
0.7139175335091642,HT29
0.5750032253347972,MCF7
0.46094209420942095,PC3
0.28336033603360333,VCAP
0.6141374137413741,YAPC
