pred_corr,cell_line
0.7760456045604559,A375
0.6603180318031803,A549
0.7072907290729072,HA1E
0.57821355599887,HCC515
0.6906090609060905,HELA
0.651523106882941,HT29
0.5911671167116711,MCF7
0.43823582358235813,PC3
0.32621760041431075,VCAP
0.6049324932493249,YAPC
