pred_corr,dox_corr,cell_line
0.8004680468046803,0.19256503354102586,A375
0.7917911791179117,0.27366336633663363,A549
0.8124692469246924,0.09304558369553939,HA1E
0.7255325532553255,0.18991899189918993,HELA
0.7493991881197488,0.19729972997299725,HT29
0.6233382038378005,0.11595481977965635,MCF7
0.4047404740474047,-0.23943881716476395,PC3
0.6049924992499249,0.17377946331240451,YAPC
