pred_corr,cell_line
0.8004680468046803,A375
0.7917911791179117,A549
0.8124692469246924,HA1E
0.38399155113149464,HCC515
0.7255325532553255,HELA
0.7493991881197488,HT29
0.6233382038378005,MCF7
0.4047404740474047,PC3
0.3236123612361236,VCAP
0.6049924992499249,YAPC
